{
  "system": {
    "count": 2712,
    "mean": 1385.7437315634218,
    "median": 1325.5,
    "std": 297.2588726179376,
    "min": 1090.0,
    "max": 1799.0,
    "p25": 1090.0,
    "p75": 1692.0,
    "p95": 1726.0,
    "p99": 1753.0
  },
  "user": {
    "count": 2712,
    "mean": 405.2485250737463,
    "median": 340.0,
    "std": 213.56396533904055,
    "min": 147.0,
    "max": 1811.0,
    "p25": 254.0,
    "p75": 500.0,
    "p95": 843.8999999999996,
    "p99": 1108.1399999999967
  },
  "assistant": {
    "count": 2712,
    "mean": 61.26401179941003,
    "median": 59.0,
    "std": 18.54189793914586,
    "min": 27.0,
    "max": 133.0,
    "p25": 47.0,
    "p75": 72.0,
    "p95": 96.0,
    "p99": 114.0
  },
  "total": {
    "count": 2712,
    "mean": 1852.2562684365782,
    "median": 1904.5,
    "std": 371.7933830112798,
    "min": 1273.0,
    "max": 3513.0,
    "p25": 1498.0,
    "p75": 2104.5,
    "p95": 2481.8999999999996,
    "p99": 2733.249999999997
  }
}